Year,Month.1,entry test,Month Name,Number
2004,1,0,January,1
2004,2,35,February,2
2004,3,16,March,3
2004,4,16,April,4
2004,5,13,May,5
2004,6,13,June,6
2004,7,13,July,7
2004,8,57,August,8
2004,9,26,September,9
2004,10,10,October,10
2004,11,10,November,11
2004,12,12,December,12
2005,1,15,January,13
2005,2,17,February,14
2005,3,7,March,15
2005,4,19,April,16
2005,5,6,May,17
2005,6,27,June,18
2005,7,13,July,19
2005,8,15,August,20
2005,9,39,September,21
2005,10,100,October,22
2005,11,11,November,23
2005,12,7,December,24
2006,1,10,January,25
2006,2,9,February,26
2006,3,8,March,27
2006,4,13,April,28
2006,5,9,May,29
2006,6,9,June,30
2006,7,26,July,31
2006,8,28,August,32
2006,9,46,September,33
2006,10,9,October,34
2006,11,50,November,35
2006,12,6,December,36
2007,1,8,January,37
2007,2,4,February,38
2007,3,4,March,39
2007,4,6,April,40
2007,5,14,May,41
2007,6,11,June,42
2007,7,18,July,43
2007,8,51,August,44
2007,9,48,September,45
2007,10,13,October,46
2007,11,49,November,47
2007,12,6,December,48
2008,1,4,January,49
2008,2,7,February,50
2008,3,2,March,51
2008,4,7,April,52
2008,5,11,May,53
2008,6,19,June,54
2008,7,18,July,55
2008,8,44,August,56
2008,9,48,September,57
2008,10,13,October,58
2008,11,6,November,59
2008,12,3,December,60
2009,1,7,January,61
2009,2,4,February,62
2009,3,2,March,63
2009,4,6,April,64
2009,5,23,May,65
2009,6,18,June,66
2009,7,27,July,67
2009,8,49,August,68
2009,9,22,September,69
2009,10,15,October,70
2009,11,24,November,71
2009,12,10,December,72
2010,1,11,January,73
2010,2,11,February,74
2010,3,3,March,75
2010,4,12,April,76
2010,5,14,May,77
2010,6,28,June,78
2010,7,74,July,79
2010,8,80,August,80
2010,9,55,September,81
2010,10,31,October,82
2010,11,11,November,83
2010,12,16,December,84
2011,1,13,January,85
2011,2,10,February,86
2011,3,11,March,87
2011,4,16,April,88
2011,5,18,May,89
2011,6,31,June,90
2011,7,62,July,91
2011,8,57,August,92
2011,9,77,September,93
2011,10,17,October,94
2011,11,11,November,95
2011,12,6,December,96
2012,1,7,January,97
2012,2,5,February,98
2012,3,5,March,99
2012,4,8,April,100
2012,5,13,May,101
2012,6,24,June,102
2012,7,56,July,103
2012,8,39,August,104
2012,9,62,September,105
2012,10,18,October,106
2012,11,7,November,107
2012,12,8,December,108
2013,1,6,January,109
2013,2,6,February,110
2013,3,7,March,111
2013,4,9,April,112
2013,5,10,May,113
2013,6,29,June,114
2013,7,34,July,115
2013,8,47,August,116
2013,9,30,September,117
2013,10,12,October,118
2013,11,9,November,119
2013,12,7,December,120
2014,1,5,January,121
2014,2,4,February,122
2014,3,5,March,123
2014,4,6,April,124
2014,5,14,May,125
2014,6,22,June,126
2014,7,24,July,127
2014,8,39,August,128
2014,9,28,September,129
2014,10,9,October,130
2014,11,8,November,131
2014,12,7,December,132
